{
   "dashboards": [{
      "autoswitchEnabled": false,
      "columnCount": 1,
      "columnProportion": "1-1",
      "creationTime": 1677766838368,
      "dashboardNavigations": {},
      "description": "",
      "disabled": false,
      "gridsterMaxColumns": 12,
      "hidden": false,
      "homeTab": false,
      "id": "5595a2a8-7f5e-4a46-a05a-9d88c91d0e36",
      "importAttempts": 0,
      "importComplete": true,
      "lastUpdateTime": 1677773995324,
      "lastUpdateUserId": "287ed085-c6ca-4255-b69c-956f1665ed51",
      "locked": false,
      "name": "ESXi Host Network Details",
      "rank": 0,
      "shared": false,
      "states": [{
         "key": "permDashboardTime_dashboard_5595a2a8-7f5e-4a46-a05a-9d88c91d0e36",
         "value": "o%3AdateRange%3Ds%253Alast7Days%5EdateRangeText%3Ds%253A7D"
      }],
      "temporary": false,
      "userId": "287ed085-c6ca-4255-b69c-956f1665ed51",
      "widgetInteractions": [
         {
            "type": "resourceId",
            "widgetIdProvider": "918e9140-19dd-4376-b2bb-e894cc922f4e",
            "widgetIdReceiver": "9d1ad9b0-c3c9-43d6-9ff5-06f0c8f1f5c4"
         },
         {
            "type": "resourceId",
            "widgetIdProvider": "918e9140-19dd-4376-b2bb-e894cc922f4e",
            "widgetIdReceiver": "ecac5548-6d2a-4fe8-91b7-ae652a61037f"
         },
         {
            "type": "resourceId",
            "widgetIdProvider": "918e9140-19dd-4376-b2bb-e894cc922f4e",
            "widgetIdReceiver": "dc087285-1c68-4279-aff9-e2799c1d56c8"
         },
         {
            "type": "resourceId",
            "widgetIdProvider": "918e9140-19dd-4376-b2bb-e894cc922f4e",
            "widgetIdReceiver": "9d5c638e-b9c9-4b4f-8401-f511ec907867"
         }
      ],
      "widgets": [
         {
            "collapsed": false,
            "config": {
               "chartViewItems": ["legend"],
               "isUpdatedView": true,
               "refreshContent": {"refreshContent": true},
               "refreshInterval": 300,
               "resource": {
                  "id": "Ext.vcops.chrome.model.Resource-200",
                  "resourceId": "resource:id:0_::_",
                  "resourceKindId": "002006VMWAREvSphere World",
                  "resourceName": "vSphere World",
                  "traversalSpecId": ""
               },
               "selectFirstRow": {"selectFirstRow": false},
               "selfProvider": {"selfProvider": true},
               "title": "ESXi Host Packet Drops",
               "traversalSpecId": null,
               "viewDefinitionId": "c387a0da-bfd5-4924-9915-75ca0900a09f"
            },
            "gridsterCoords": {
               "h": 9,
               "w": 12,
               "x": 1,
               "y": 16
            },
            "height": 495,
            "id": "937df93a-8555-432c-b859-609b7d6688da",
            "states": [{
               "key": "perm_isDashboardTime_widget_5595a2a8-7f5e-4a46-a05a-9d88c91d0e36_937df93a-8555-432c-b859-609b7d6688da",
               "value": "b%3A0"
            }],
            "title": "ESXi Host Packet Drops",
            "type": "View"
         },
         {
            "collapsed": false,
            "config": {
               "customFilter": {
                  "excludedResources": null,
                  "filter": [],
                  "includedResources": null
               },
               "depth": 1,
               "metric": {
                  "mode": "resourceKind",
                  "resourceKindMetrics": [{
                     "colorMethod": 2,
                     "handleOldColoring": false,
                     "id": "extModel5031-1",
                     "isStringMetric": false,
                     "metricKey": "net:Aggregate of all instances|dropped",
                     "metricName": "Network:Aggregate of all Instances|Packets Dropped",
                     "orangeBound": null,
                     "redBound": null,
                     "resourceKindId": "resourceKind:id:0_::_",
                     "resourceKindName": "Host System",
                     "yellowBound": null
                  }],
                  "resourceMetrics": [],
                  "subMode": "resourceKindAll"
               },
               "refreshContent": {"refreshContent": true},
               "refreshInterval": 300,
               "relationshipMode": {"relationshipMode": 0},
               "resInteractionMode": null,
               "resource": [],
               "selfProvider": {"selfProvider": false},
               "title": "Packets Dropped (for selected ESXi Host)"
            },
            "gridsterCoords": {
               "h": 6,
               "w": 4,
               "x": 1,
               "y": 10
            },
            "height": 323,
            "id": "9d1ad9b0-c3c9-43d6-9ff5-06f0c8f1f5c4",
            "states": [
               {
                  "key": "permMetricChart_widget_5595a2a8-7f5e-4a46-a05a-9d88c91d0e36_9d1ad9b0-c3c9-43d6-9ff5-06f0c8f1f5c4",
                  "value": "o%3A"
               },
               {
                  "key": "permBtn_zoomAllGraphs_permMetricChart_widget_5595a2a8-7f5e-4a46-a05a-9d88c91d0e36_9d1ad9b0-c3c9-43d6-9ff5-06f0c8f1f5c4",
                  "value": "b%3A0"
               },
               {
                  "key": "permDateRange1_permMetricChart_widget_5595a2a8-7f5e-4a46-a05a-9d88c91d0e36_9d1ad9b0-c3c9-43d6-9ff5-06f0c8f1f5c4",
                  "value": "s%3A%7B%22dateRange%22%3A%22dashboardTime%22%2C%22dateFrom%22%3Anull%2C%22dateTo%22%3Anull%2C%22timeFrom%22%3Anull%2C%22timeTo%22%3Anull%7D"
               },
               {
                  "key": "perm_toolbarVisible_widget_5595a2a8-7f5e-4a46-a05a-9d88c91d0e36_9d1ad9b0-c3c9-43d6-9ff5-06f0c8f1f5c4",
                  "value": "b%3A0"
               },
               {
                  "key": "permBtn_pan_permMetricChart_widget_5595a2a8-7f5e-4a46-a05a-9d88c91d0e36_9d1ad9b0-c3c9-43d6-9ff5-06f0c8f1f5c4",
                  "value": "b%3A0"
               }
            ],
            "title": "Packets Dropped (for selected ESXi Host)",
            "type": "MetricChart"
         },
         {
            "collapsed": false,
            "config": {
               "customFilter": {
                  "excludedResources": null,
                  "filter": [],
                  "includedResources": null
               },
               "depth": 1,
               "metric": {
                  "mode": "resourceKind",
                  "resourceKindMetrics": [{
                     "colorMethod": 2,
                     "handleOldColoring": false,
                     "id": "extModel31939-1",
                     "isStringMetric": false,
                     "metricKey": "net|droppedRx_summation",
                     "metricName": "Network|Received Packets Dropped",
                     "orangeBound": null,
                     "redBound": null,
                     "resourceKindId": "resourceKind:id:0_::_",
                     "resourceKindName": "Host System",
                     "yellowBound": null
                  }],
                  "resourceMetrics": [],
                  "subMode": "resourceKindAll"
               },
               "refreshContent": {"refreshContent": true},
               "refreshInterval": 300,
               "relationshipMode": {"relationshipMode": 0},
               "resInteractionMode": null,
               "resource": [],
               "selfProvider": {"selfProvider": false},
               "title": "Rx Packets Dropped (for selected ESXi Host)"
            },
            "gridsterCoords": {
               "h": 6,
               "w": 4,
               "x": 5,
               "y": 10
            },
            "height": 323,
            "id": "ecac5548-6d2a-4fe8-91b7-ae652a61037f",
            "states": [
               {
                  "key": "permDateRange1_permMetricChart_widget_5595a2a8-7f5e-4a46-a05a-9d88c91d0e36_ecac5548-6d2a-4fe8-91b7-ae652a61037f",
                  "value": "s%3A%7B%22dateRange%22%3A%22dashboardTime%22%2C%22dateFrom%22%3Anull%2C%22dateTo%22%3Anull%2C%22timeFrom%22%3Anull%2C%22timeTo%22%3Anull%7D"
               },
               {
                  "key": "permMetricChart_widget_5595a2a8-7f5e-4a46-a05a-9d88c91d0e36_ecac5548-6d2a-4fe8-91b7-ae652a61037f",
                  "value": "o%3A"
               },
               {
                  "key": "permBtn_pan_permMetricChart_widget_5595a2a8-7f5e-4a46-a05a-9d88c91d0e36_ecac5548-6d2a-4fe8-91b7-ae652a61037f",
                  "value": "b%3A0"
               },
               {
                  "key": "permBtn_zoomAllGraphs_permMetricChart_widget_5595a2a8-7f5e-4a46-a05a-9d88c91d0e36_ecac5548-6d2a-4fe8-91b7-ae652a61037f",
                  "value": "b%3A0"
               },
               {
                  "key": "perm_toolbarVisible_widget_5595a2a8-7f5e-4a46-a05a-9d88c91d0e36_ecac5548-6d2a-4fe8-91b7-ae652a61037f",
                  "value": "b%3A0"
               }
            ],
            "title": "Rx Packets Dropped (for selected ESXi Host)",
            "type": "MetricChart"
         },
         {
            "collapsed": false,
            "config": {
               "chartViewItems": [],
               "isUpdatedView": true,
               "refreshContent": {"refreshContent": true},
               "refreshInterval": 300,
               "resource": {
                  "id": "Ext.vcops.chrome.model.Resource-213",
                  "resourceId": "resource:id:0_::_",
                  "resourceKindId": "002006VMWAREvSphere World",
                  "resourceName": "vSphere World",
                  "traversalSpecId": ""
               },
               "selectFirstRow": {"selectFirstRow": true},
               "selfProvider": {"selfProvider": true},
               "title": "ESXi Hosts",
               "traversalSpecId": null,
               "viewDefinitionId": "cf3b06b1-80b8-4b84-850b-c1fc8f008a8b"
            },
            "gridsterCoords": {
               "h": 9,
               "w": 6,
               "x": 1,
               "y": 1
            },
            "height": 494,
            "id": "918e9140-19dd-4376-b2bb-e894cc922f4e",
            "states": [{
               "key": "perm_isDashboardTime_widget_5595a2a8-7f5e-4a46-a05a-9d88c91d0e36_918e9140-19dd-4376-b2bb-e894cc922f4e",
               "value": "b%3A0"
            }],
            "title": "ESXi Hosts",
            "type": "View"
         },
         {
            "collapsed": false,
            "config": {
               "chartViewItems": [],
               "isUpdatedView": true,
               "refreshContent": {"refreshContent": true},
               "refreshInterval": 300,
               "resource": null,
               "selectFirstRow": {"selectFirstRow": false},
               "selfProvider": {"selfProvider": false},
               "title": "vNICs (for selected ESXi Host)",
               "traversalSpecId": "",
               "viewDefinitionId": "126090db-3033-4269-96f1-f14f70996459"
            },
            "gridsterCoords": {
               "h": 9,
               "w": 6,
               "x": 7,
               "y": 1
            },
            "height": 494,
            "id": "dc087285-1c68-4279-aff9-e2799c1d56c8",
            "states": [{
               "key": "perm_isDashboardTime_widget_5595a2a8-7f5e-4a46-a05a-9d88c91d0e36_dc087285-1c68-4279-aff9-e2799c1d56c8",
               "value": "b%3A0"
            }],
            "title": "vNICs (for selected ESXi Host)",
            "type": "View"
         },
         {
            "collapsed": false,
            "config": {
               "customFilter": {
                  "excludedResources": null,
                  "filter": [],
                  "includedResources": null
               },
               "depth": 1,
               "metric": {
                  "mode": "resourceKind",
                  "resourceKindMetrics": [{
                     "colorMethod": 2,
                     "handleOldColoring": false,
                     "id": "extModel33802-1",
                     "isStringMetric": false,
                     "metricKey": "net|droppedTx_summation",
                     "metricName": "Network|Transmitted Packets Dropped",
                     "orangeBound": null,
                     "redBound": null,
                     "resourceKindId": "resourceKind:id:0_::_",
                     "resourceKindName": "Host System",
                     "yellowBound": null
                  }],
                  "resourceMetrics": [],
                  "subMode": "resourceKindAll"
               },
               "refreshContent": {"refreshContent": true},
               "refreshInterval": 300,
               "relationshipMode": {"relationshipMode": 0},
               "resInteractionMode": null,
               "resource": [],
               "selfProvider": {"selfProvider": false},
               "title": "Tx Packets Dropped (for selected ESX i Host)"
            },
            "gridsterCoords": {
               "h": 6,
               "w": 4,
               "x": 9,
               "y": 10
            },
            "height": 324,
            "id": "9d5c638e-b9c9-4b4f-8401-f511ec907867",
            "title": "Tx Packets Dropped (for selected ESX i Host)",
            "type": "MetricChart"
         }
      ]
   }],
   "entries": {
      "resource": [{
         "adapterKindKey": "VMWARE",
         "identifiers": [],
         "internalId": "resource:id:0_::_",
         "name": "vSphere World",
         "resourceKindKey": "vSphere World"
      }],
      "resourceKind": [{
         "adapterKindKey": "VMWARE",
         "internalId": "resourceKind:id:0_::_",
         "resourceKindKey": "HostSystem"
      }]
   },
   "uuid": "fd354279-9701-40e5-973f-dfaf321acdfa"
}