<?xml version="1.0" encoding="UTF-8" standalone="yes"?>
<Content>
        
    <Views>
                
        <ViewDef id="c387a0da-bfd5-4924-9915-75ca0900a09f">
                        
            <Title>ESXi Host Packet Drop Trends</Title>
                        
            <Description/>
                        
            <SubjectType adapterKind="VMWARE" resourceKind="HostSystem" type="descendant"/>
                        
            <SubjectType adapterKind="VMWARE" resourceKind="HostSystem" type="self"/>
                        
            <Usage>dashboard</Usage>
                        
            <Usage>report</Usage>
                        
            <Usage>details</Usage>
                        
            <Usage>content</Usage>
                        
            <Controls>
                                
                <Control id="time-interval-selector_id_3940" type="time-interval-selector" visible="false">
                                        
                    <Property name="advancedTimeMode" value="false"/>
                                        
                    <Property name="unit" value="DAYS"/>
                                        
                    <Property name="count" value="30"/>
                                    
                </Control>
                                
                <Control id="attributes-selector_id_3941" type="attributes-selector" visible="false">
                                        
                    <Property name="attributeInfos">
                                                
                        <List>
                                                        
                            <Item>
                                
                                <Value>
                                        
                                    <Property name="objectType" value="RESOURCE"/>
                                        
                                    <Property name="attributeKey" value="net:Aggregate of all instances|dropped"/>
                                        
                                    <Property name="isStringAttribute" value="false"/>
                                        
                                    <Property name="adapterKind" value="VMWARE"/>
                                        
                                    <Property name="resourceKind" value="HostSystem"/>
                                        
                                    <Property name="rollUpType" value="NONE"/>
                                        
                                    <Property name="rollUpCount" value="0"/>
                                        
                                    <Property name="transformations">
                                                
                                        <List>
                                                        
                                            <Item value="NONE"/>
                                                    
                                        </List>
                                            
                                    </Property>
                                        
                                    <Property name="isProperty" value="false"/>
                                        
                                    <Property name="yellowBound" value="1"/>
                                        
                                    <Property name="orangeBound" value="2"/>
                                        
                                    <Property name="redBound" value="3"/>
                                        
                                    <Property name="useSymptomThresholds" value="false"/>
                                        
                                    <Property name="displayName" value="Packet Drops"/>
                                    
                                </Value>
                                                            
                            </Item>
                                                    
                        </List>
                                            
                    </Property>
                                    
                </Control>
                                
                <Control id="pagination-control_id_3942" type="pagination-control" visible="true">
                                        
                    <Property name="start" value="0"/>
                                        
                    <Property name="size" value="100"/>
                                    
                </Control>
                            
            </Controls>
                        
            <DataProviders>
                                
                <DataProvider dataType="trend-view" id="trend-view_id_3939"/>
                            
            </DataProviders>
                        
            <Presentation type="line-chart"/>
                    
        </ViewDef>
            
    </Views>
    
</Content>
